{
  "version": 2,
  "builds": [
    {
      "src": "build_files.sh",
      "use": "@vercel/static-build",
      "config": {
        "distDir": "staticfiles_build"
      }
    },
    {
      "src": "portfolio/wsgi.py",
      "use": "@vercel/python"
    }
  ],
  "routes": [
    {
      "src": "/static/(.*)",
      "dest": "/static/$1"
    },
    {
      "src": "/media/(.*)",
      "dest": "/media/$1"
    },
    {
      "src": "/admin/(.*)",
      "dest": "portfolio/wsgi.py"
    },
    {
      "src": "/api/(.*)",
      "dest": "portfolio/wsgi.py"
    },
    {
      "src": "/(.*)",
      "dest": "portfolio/wsgi.py"
    }
  ],
  "env": {
    "ALLOWED_HOSTS": ".vercel.app, .abdulaziz.org.uz"
  }
} 